eps,aligned_gap,aligned_lo,aligned_hi,misaligned_gap,misaligned_lo,misaligned_hi,dM_aligned,dM_lo,dM_hi,sign_flip
0.0,1.0753333333333333,-0.8567333333333333,3.0394499999999995,-0.262,-1.9896333333333331,1.6740333333333322,-0.0007135416666666667,-0.0014871337890624999,0.0002840861002604166,False
0.02,2.6966666666666668,0.9178833333333334,4.647483333333333,-5.366666666666666,-7.228466666666667,-3.71731666666667,-0.0002731119791666667,-0.001124837239583333,0.0005373697916666662,True
0.05,3.9146666666666667,1.94665,5.801883333333332,-13.68,-15.6701,-11.740233333333338,-0.0006640625,-0.0016379353841145833,0.00023351236979166656,True
0.1,2.69,0.7881833333333333,4.6757,-30.639333333333333,-32.8798,-28.569666666666667,-0.00013916015625,-0.0011115519205729166,0.0006884073893229164,True
0.2,2.4,0.5730000000000001,4.56475,-66.83266666666667,-68.94335,-64.8545,-0.0003802083333333333,-0.0012612263997395835,0.0005065307617187495,True
