eps,aligned_gap,aligned_lo,aligned_hi,misaligned_gap,misaligned_lo,misaligned_hi,dM_aligned,dM_lo,dM_hi,sign_flip
0.02,3.6933333333333334,1.7958833333333333,5.541883333333333,-5.269333333333333,-7.314816666666666,-3.4831666666666674,-0.00030777994791666665,-0.0012156372070312499,0.0006869222005208325,True
0.05,6.117333333333334,4.31195,7.963633333333331,-13.291333333333334,-15.201366666666665,-11.402383333333333,-0.0009767252604166666,-0.0018901407877604166,-5.784912109375009e-05,True
0.1,5.536,3.6950833333333333,7.4330333333333325,-25.612,-27.42,-23.558533333333333,-0.00051806640625,-0.0014382934570312499,0.0004438517252604164,True
0.2,6.076,4.4213499999999994,8.041199999999998,-53.526666666666664,-55.872483333333335,-51.49195,-0.0006661783854166667,-0.0015849894205729167,0.0001458333333333317,True
