name,dr2,ci_lo,ci_hi,r2
E,0.18100944777503708,0.15688416982949488,0.20668986590161145,0.18028236154957955
E_ge3,0.306913159497175,0.2823802901451648,0.33104749286102725,0.3081787690523664
J,0.015072289984679816,0.009037291673043412,0.02073165338917729,0.013958116803856835
E_ge3_plus_J,0.3910546962007048,0.3631840573563991,0.41881284030911975,0.3932158104919218
E_plus_J,0.22914630601678404,0.20210054703189984,0.2551671053278026,0.23079878292876455
minority,-0.00014181179268371057,-0.0021605205352078494,0.0017182640304067348,-0.0005319225631743585
