name,dr2,ci_lo,ci_hi,r2
E,0.16873403213914276,0.14455848170796867,0.19436124090400908,0.1684679317161667
E_ge3,0.28500285004978354,0.2593354457906426,0.30993570873310206,0.28782342764394386
J,0.010121418315672742,0.004847027182316932,0.015505479157053323,0.008837876211565732
E_ge3_plus_J,0.3824068005744319,0.35627744919625226,0.41055449300784713,0.37839111529935887
E_plus_J,0.20966204068161903,0.183475048011212,0.23582852655887312,0.2093311591225412
minority,-0.0013062459919345449,-0.0028057847040690196,0.00018672810566434613,-0.000839656059532734
