name,dr2,ci_lo,ci_hi,r2
E,0.1742497034536956,0.14847164564887758,0.2000022553696776,0.1732191450791173
E_ge3,0.27094538173635724,0.2448701338457995,0.2993727231222095,0.26975068587348394
J,0.009930350485959532,0.0036885337973466994,0.01556108524216957,0.008439615997283045
E_ge3_plus_J,0.3564784404252183,0.3307449703017808,0.38177319483851907,0.35460175530729166
E_plus_J,0.2144297472887826,0.18692661919471493,0.24096291287005428,0.21465953117717218
minority,-0.0001301968001927447,-0.0020747908234200725,0.001726143821064524,-0.001427930497985841
