name,dr2,ci_lo,ci_hi,r2_fine,r2_coarse
dW,0.3929882914430256,0.3673888266936801,0.4172465868130585,0.39302406718224747,0.0013405118987024345
dW_norm,0.3682476398182718,0.3441890692885291,0.3919764879222947,0.369671633403056,0.0038008496445137707
future_topshare,0.1232186604833792,0.1040539822949258,0.14199756909851016,0.2786867843248222,0.15527080901023438
future_changed_sites,0.0612180187557688,0.05266715993682565,0.06936333890745605,0.9437406804828093,0.8825482579302418
future_changed_frac,0.061307266036679846,0.051901149738506874,0.07080944658034702,0.9436616974127401,0.8824865055008321
