name,dr2,ci_lo,ci_hi,r2_fine,r2_coarse
dW,0.3801582229793319,0.3521991992194565,0.40729228501702114,0.37909431605449795,-0.0028822718137302417
dW_norm,0.3561347481464718,0.329723702799023,0.3811973382868613,0.35922712678294255,0.0022262703553458385
future_topshare,0.10729658136808737,0.09030336618113376,0.12560777835952508,0.2707182863000649,0.1658232256977885
future_changed_sites,0.05399023771991763,0.046650113479978175,0.061673815813434035,0.9446443194758594,0.8910143694844721
future_changed_frac,0.053484476663160696,0.04601051611711195,0.06126893409810725,0.9445486560190889,0.8908711307298814
