name,dr2,ci_lo,ci_hi,r2_fine,r2_coarse
dW,0.355211852340572,0.32645848652405746,0.3810096191010236,0.3554649514179564,-0.000928872069538178
dW_norm,0.34043403041664,0.31548362035976046,0.36552953856466147,0.3413155743108397,0.0030776638324226946
future_topshare,0.11421373597017839,0.09501793079316447,0.13358157569495052,0.2588988864530505,0.14631829320999046
future_changed_sites,0.0541475910741383,0.04695952537035779,0.06173202234834455,0.9439510967426875,0.8895696963336515
future_changed_frac,0.05422928061486716,0.04677321951495083,0.0632304312502436,0.9438797219503666,0.8895386268635738
