{
  "N_PRED": 3000,
  "N_CAUSAL": 3000,
  "L": 64,
  "K": 20,
  "T_ORD": 1.8,
  "T_DIS": 2.5,
  "EQUIL": 1000,
  "best_organism": "E_ge3_plus_J",
  "axis1_best_dr2": 0.39346354008082984,
  "axis1_ci_lo": 0.3681354132612742,
  "axis1_ci_hi": 0.4206611900189926,
  "axis_A_ord_dr2": 0.1781985136417736,
  "axis_A_ord_lo": 0.15174642888542522,
  "axis_A_ord_hi": 0.20548040409619373,
  "axis_A_dis_dr2": -0.07087919553455617,
  "axis_A_dis_lo": -0.08858425777917243,
  "axis_A_dis_hi": -0.05242676186777644,
  "sign_reversal": true,
  "best_target": "dW",
  "axis2_best_dr2": 0.3907924555700047,
  "axis2_ci_lo": 0.3642998885200021,
  "axis2_ci_hi": 0.41808279687731725,
  "axis2_best_r2_fine": 0.392864362874093,
  "axis2_best_r2_coarse": 0.0004193228896701706,
  "axisC_r2_wb": 0.3889007291854698,
  "axisC_r2_e": 0.18131859813065165,
  "axisC_gap": 0.20758213105481815,
  "axisB_n_sign_flip": 4,
  "axisB_n_eps": 4,
  "axisB_all_pass": true,
  "axisB_aligned_eps10": 2.4566666666666666,
  "axisB_aligned_lo10": 0.4297166666666667,
  "axisB_aligned_hi10": 4.667366666666667,
  "axisB_misaln_eps10": -29.24266666666667,
  "axisB_misaln_lo10": -31.334816666666665,
  "axisB_misaln_hi10": -27.50015,
  "axisB_support": true,
  "axisB_read": "earned"
}