{
  "N_PRED": 3000,
  "N_CAUSAL": 3000,
  "L": 64,
  "K": 20,
  "T_ORD": 1.8,
  "T_DIS": 2.5,
  "EQUIL": 1000,
  "best_organism": "E_ge3_plus_J",
  "axis1_best_dr2": 0.3824068005744319,
  "axis1_ci_lo": 0.35627744919625226,
  "axis1_ci_hi": 0.41055449300784713,
  "axis_A_ord_dr2": 0.1679323519640094,
  "axis_A_ord_lo": 0.14414432531949065,
  "axis_A_ord_hi": 0.19190380495862464,
  "axis_A_dis_dr2": -0.06663443663307894,
  "axis_A_dis_lo": -0.08747411710563222,
  "axis_A_dis_hi": -0.048381577549624875,
  "sign_reversal": true,
  "best_target": "dW",
  "axis2_best_dr2": 0.3801582229793319,
  "axis2_ci_lo": 0.3521991992194565,
  "axis2_ci_hi": 0.40729228501702114,
  "axis2_best_r2_fine": 0.37909431605449795,
  "axis2_best_r2_coarse": -0.0028822718137302417,
  "axisC_r2_wb": 0.3553464644368918,
  "axisC_r2_e": 0.16764346280946207,
  "axisC_gap": 0.1877030016274297,
  "axisB_n_sign_flip": 4,
  "axisB_n_eps": 4,
  "axisB_all_pass": true,
  "axisB_aligned_eps10": 5.536,
  "axisB_aligned_lo10": 3.6950833333333333,
  "axisB_aligned_hi10": 7.4330333333333325,
  "axisB_misaln_eps10": -25.612,
  "axisB_misaln_lo10": -27.42,
  "axisB_misaln_hi10": -23.558533333333333,
  "axisB_support": true,
  "axisB_read": "earned"
}