{
  "N_PRED": 3000,
  "N_CAUSAL": 3000,
  "L": 64,
  "K": 20,
  "T_ORD": 1.8,
  "T_DIS": 2.5,
  "EQUIL": 1000,
  "best_organism": "E_ge3_plus_J",
  "axis1_best_dr2": 0.3910546962007048,
  "axis1_ci_lo": 0.3631840573563991,
  "axis1_ci_hi": 0.41881284030911975,
  "axis_A_ord_dr2": 0.1781985136417736,
  "axis_A_ord_lo": 0.15174642888542522,
  "axis_A_ord_hi": 0.20548040409619373,
  "axis_A_dis_dr2": -0.07087919553455617,
  "axis_A_dis_lo": -0.08858425777917243,
  "axis_A_dis_hi": -0.05242676186777644,
  "sign_reversal": true,
  "best_target": "dW",
  "axis2_best_dr2": 0.3929882914430256,
  "axis2_ci_lo": 0.3673888266936801,
  "axis2_ci_hi": 0.4172465868130585,
  "axis2_best_r2_fine": 0.39302406718224747,
  "axis2_best_r2_coarse": 0.0013405118987024345,
  "axisC_r2_wb": 0.3889007291854698,
  "axisC_r2_e": 0.18131859813065165,
  "axisC_gap": 0.20758213105481815,
  "axisB_n_sign_flip": 4,
  "axisB_n_eps": 4,
  "axisB_all_pass": true,
  "axisB_aligned_eps10": 2.69,
  "axisB_aligned_lo10": 0.7881833333333333,
  "axisB_aligned_hi10": 4.6757,
  "axisB_misaln_eps10": -30.639333333333333,
  "axisB_misaln_lo10": -32.8798,
  "axisB_misaln_hi10": -28.569666666666667,
  "axisB_support": true,
  "axisB_read": "earned"
}