{
  "N_PRED": 3000,
  "N_CAUSAL": 3000,
  "L": 64,
  "K": 20,
  "T_ORD": 1.8,
  "T_DIS": 2.5,
  "EQUIL": 1000,
  "best_organism": "E_ge3_plus_J",
  "axis1_best_dr2": 0.3564784404252183,
  "axis1_ci_lo": 0.3307449703017808,
  "axis1_ci_hi": 0.38177319483851907,
  "axis_A_ord_dr2": 0.17285059127078936,
  "axis_A_ord_lo": 0.14712556849496156,
  "axis_A_ord_hi": 0.1976699166717528,
  "axis_A_dis_dr2": -0.050163542436372055,
  "axis_A_dis_lo": -0.06846822860447409,
  "axis_A_dis_hi": -0.03298497448984042,
  "sign_reversal": true,
  "best_target": "dW",
  "axis2_best_dr2": 0.355211852340572,
  "axis2_ci_lo": 0.32645848652405746,
  "axis2_ci_hi": 0.3810096191010236,
  "axis2_best_r2_fine": 0.3554649514179564,
  "axis2_best_r2_coarse": -0.000928872069538178,
  "axisC_r2_wb": 0.3754422197956665,
  "axisC_r2_e": 0.17265687589977086,
  "axisC_gap": 0.20278534389589564,
  "axisB_n_sign_flip": 4,
  "axisB_n_eps": 4,
  "axisB_all_pass": true,
  "axisB_aligned_eps10": 7.509333333333333,
  "axisB_aligned_lo10": 5.6010333333333335,
  "axisB_aligned_hi10": 9.2596,
  "axisB_misaln_eps10": -25.624,
  "axisB_misaln_lo10": -27.79843333333333,
  "axisB_misaln_hi10": -23.679233333333332,
  "axisB_support": true,
  "axisB_read": "earned"
}